Change_Pos,Base,AVERAGE,STD
-20,T,2.592357456,0.717515317
-20,C,1.604160585,0.284382088
-20,G,0.662661975,0.017068884
-20,A,1.678998796,0.500712193
-19,T,2.592357456,0.717515317
-19,C,1.671743434,0.624388036
-19,G,0.192459426,0.134037237
-19,A,1.119147069,0.424236876
-18,T,2.592357456,0.717515317
-18,G,1.732431754,0.060986506
-18,A,0.667512205,0.255229504
-17,A,2.592357456,0.717515317
-17,C,1.007069289,0.657978641
-17,G,1.74110334,0.679825904
-17,T,1.625461992,0.564901076
-16,A,2.592357456,0.717515317
-16,C,1.464132422,0.344482247
-16,G,1.348639031,0.169792147
-16,T,0.527815638,0.282055327
-15,G,2.592357456,0.717515317
-15,C,0.701150251,0.234498478
-15,A,0.420127644,0.299638545
-15,T,0.570342364,0.284792123
-14,A,2.592357456,0.717515317
-14,C,0.262148658,0.184369753
-14,G,0.931371053,0.567596333
-14,T,0.248282643,0.214209232
-13,A,2.592357456,0.717515317
-13,C,0.524957188,0.330589004
-13,G,-0.234827139,0.565196986
-13,T,0.658424216,0.680424966
-12,G,2.592357456,0.717515317
-12,C,1.093637969,0.168049659
-12,A,0.09441549,0.606287334
-12,T,-0.426194969,0.371703148
-11,G,2.592357456,0.717515317
-11,C,-0.425572332,0.293446871
-11,A,-0.887212794,0.571731078
-11,T,-1.13011992,0.508253389
-10,A,2.592357456,0.717515317
-10,C,-1.191694607,0.423886263
-10,G,-0.36053154,0.216182948
-10,T,-0.157164276,0.111715906
-9,G,2.592357456,0.717515317
-9,C,-0.015935927,0.101349005
-9,A,-0.087638505,0.117399212
-9,T,0.8166099,0.542200174
-8,A,2.592357456,0.717515317
-8,C,0.393527941,0.439331339
-8,G,0.173652855,0.103208022
-8,T,0.001209018,0.303437234
-7,T,2.592357456,0.717515317
-7,C,0.252212475,0.116444378
-7,G,0.412854044,0.225578714
-7,A,-0.883205092,0.931956852
-6,A,2.592357456,0.717515317
-6,C,-1.152768605,0.442164418
-6,G,0.491098074,1.236329562
-6,T,0.543052707,0.071356516
-5,T,2.592357456,0.717515317
-5,C,0.46632785,0.197431498
-5,G,1.007121852,0.590858161
-5,A,1.841793258,0.878285956
-4,A,2.592357456,0.717515317
-4,C,1.187161327,0.31326554
-4,G,0.49486431,0.341226665
-4,T,0.679952317,0.505266042
-3,C,2.592357456,0.717515317
-3,A,0.560910064,0.149428973
-3,G,0.439897853,0.237965111
-3,T,0.481410267,0.26892021
-2,C,0.514962062,0.284809205
-2,A,2.592357456,0.717515317
-2,G,0.794627606,0.29092081
-2,T,0.796989749,0.253784678
-1,C,0.784928528,0.320103158
-1,G,-0.153918231,0.661973998
-1,A,1.616477854,1.359155979
-1,T,2.592357456,0.717515317
